row_id,pred_total_volume_m3,pred_chilled_volume_m3
W0000,554.478,204.367
W0001,81.289,0.0
W0002,21.269,0.0
W0003,1075.237,396.245
W0004,144.495,0.0
W0005,35.538,0.0
W0006,693.128,255.493
W0007,97.527,0.0
W0008,20.602,0.0
W0009,1337.259,489.379
W0010,173.843,0.0
W0011,35.975,0.0
W0012,375.85,141.602
W0013,52.47,0.0
W0014,16.944,0.0
W0015,698.611,258.018
W0016,121.94,0.0
W0017,18.563,0.0
W0018,583.566,215.482
W0019,82.806,0.0
W0020,23.329,0.0
W0021,1134.889,417.718
W0022,148.202,0.0
W0023,36.354,0.0
W0024,547.194,200.68
W0025,93.017,0.0
W0026,17.551,0.0
W0027,1053.426,405.49
W0028,112.502,0.0
W0029,18.025,0.0
W0030,523.515,195.955
W0031,75.438,0.0
W0032,14.445,0.0
W0033,999.459,377.456
W0034,132.718,0.0
W0035,19.802,0.0
W0036,524.455,195.337
W0037,76.32,0.0
W0038,15.322,0.0
W0039,1003.169,374.383
W0040,135.999,0.0
W0041,21.941,0.0
W0042,546.224,202.321
W0043,80.359,0.0
W0044,18.311,0.0
W0045,1037.42,385.474
W0046,137.144,0.0
W0047,27.44,0.0
W0048,656.575,245.399
W0049,89.963,0.0
W0050,15.778,0.0
W0051,1272.195,474.86
W0052,149.312,0.0
W0053,28.33,0.0
W0054,519.605,193.639
W0055,74.306,0.0
W0056,14.989,0.0
W0057,994.542,369.982
W0058,130.112,0.0
W0059,28.557,0.0
