outlet,message
OUT013,"Your chilled order (S1-021) moves to tomorrow because our refrigerated trucks are short today with several in the workshop. You are first in line tomorrow, and the rest of today's delivery comes as planned."
OUT053,"Your chilled order (S1-056) moves to tomorrow because our refrigerated trucks are short today with several in the workshop. You are first in line tomorrow, and the rest of today's delivery comes as planned."
OUT065,"Your chilled order (S1-071) moves to tomorrow because our refrigerated trucks are short today with several in the workshop. You are first in line tomorrow, and the rest of today's delivery comes as planned."
OUT066,"Your chilled order (S1-073) moves to tomorrow because our refrigerated trucks are short today with several in the workshop. You are first in line tomorrow, and the rest of today's delivery comes as planned."
OUT067,"Your chilled order (S1-075) moves to tomorrow because our refrigerated trucks are short today with several in the workshop. You are first in line tomorrow, and the rest of today's delivery comes as planned."
OUT002,"Your chilled order (S1-003) moves to tomorrow because our refrigerated trucks are short today with several in the workshop. You are first in line tomorrow, and the rest of today's delivery comes as planned."
OUT003,"Your chilled order (S1-005) moves to tomorrow because our refrigerated trucks are short today with several in the workshop. You are first in line tomorrow, and the rest of today's delivery comes as planned."
OUT060,"Your chilled order (S1-064) moves to tomorrow because our refrigerated trucks are short today with several in the workshop. You are first in line tomorrow, and the rest of today's delivery comes as planned."
OUT070,"Your Style order (S1-078) moves to tomorrow because at 40.7 m3 it is bigger than any single truck can carry. Could you split it into two orders? We will deliver both as a priority. You are first in line tomorrow, and the rest of today's delivery comes as planned."
