depot,iso_year,iso_week,operating_days,m3_per_day_p50,m3_per_day_p90,trips_per_day_p50,trips_per_day_p90,busy_day_p90,busy_day_p95,status,advice
Kandy,2026,14,6,34.061174384877575,35.318269756460175,7.29065619428212,7.55973235865833,37.15220000000001,39.6283,green,a normal load: a good week for reefer maintenance
Kandy,2026,15,6,42.58220762359298,44.15378867099087,9.114548790043761,9.450939337491087,37.15220000000001,39.6283,red,"busier than 95% of days this depot has run: no reefer maintenance, line up second trips or a hired reefer"
Kandy,2026,16,4,35.40056250707363,36.707090660689516,7.577346788073625,7.857003838900174,37.15220000000001,39.6283,green,a normal load: a good week for reefer maintenance
Kandy,2026,17,6,35.91373007544612,37.23919769861047,7.687188224213909,7.9708991916617595,37.15220000000001,39.6283,amber,busier than 9 days in 10: book reefer maintenance in another week
Kandy,2026,18,5,40.13594087197512,41.6172375804842,8.590935316121165,8.908000867103935,37.15220000000001,39.6283,red,"busier than 95% of days this depot has run: no reefer maintenance, line up second trips or a hired reefer"
Kandy,2026,19,6,32.659222976141336,33.86457654319331,6.990574182819727,7.248575223847517,37.15220000000001,39.6283,green,a normal load: a good week for reefer maintenance
Kandy,2026,20,6,32.55609626129719,33.75764373186957,6.968500327882175,7.225686689399464,37.15220000000001,39.6283,green,a normal load: a good week for reefer maintenance
Kandy,2026,21,6,33.72014763272244,34.96465673388242,7.2176608014949695,7.484042925748468,37.15220000000001,39.6283,green,a normal load: a good week for reefer maintenance
Kandy,2026,22,6,40.89989402263614,42.40938594129711,8.754456388738113,9.077557010068729,37.15220000000001,39.6283,red,"busier than 95% of days this depot has run: no reefer maintenance, line up second trips or a hired reefer"
Kandy,2026,23,6,32.27315301546172,33.46425790291171,6.907937473983735,7.162888642948198,37.15220000000001,39.6283,green,a normal load: a good week for reefer maintenance
Peliyagoda,2026,14,6,66.04078900435158,68.47815564517687,9.333217774386934,9.677678735526412,73.49199999999999,78.5618,green,a normal load: a good week for reefer maintenance
Peliyagoda,2026,15,6,81.56317586191487,84.57342705610485,11.526919865232243,11.952343764227939,73.49199999999999,78.5618,red,"busier than 95% of days this depot has run: no reefer maintenance, line up second trips or a hired reefer"
Peliyagoda,2026,16,4,64.50440030984834,66.88506347078219,9.116087566100658,9.452534905138233,73.49199999999999,78.5618,green,a normal load: a good week for reefer maintenance
Peliyagoda,2026,17,6,69.61963462757272,72.18908568268519,9.838998309205097,10.202126106730544,73.49199999999999,78.5618,green,a normal load: a good week for reefer maintenance
Peliyagoda,2026,18,5,81.09793259953354,84.09101306598549,11.461169338151393,11.884166583199738,73.49199999999999,78.5618,red,"busier than 95% of days this depot has run: no reefer maintenance, line up second trips or a hired reefer"
Peliyagoda,2026,19,6,62.909283590177985,65.23107579667047,8.890657616751202,9.218785015238838,73.49199999999999,78.5618,green,a normal load: a good week for reefer maintenance
Peliyagoda,2026,20,6,62.39719174386352,64.70008418246917,8.818286211227477,9.143742599083158,73.49199999999999,78.5618,green,a normal load: a good week for reefer maintenance
Peliyagoda,2026,21,6,64.24570495199852,66.6168204463332,9.079527431849746,9.41462544643268,73.49199999999999,78.5618,green,a normal load: a good week for reefer maintenance
Peliyagoda,2026,22,6,79.14334233329734,82.06428475925601,11.184936772043237,11.597739104948769,73.49199999999999,78.5618,red,"busier than 95% of days this depot has run: no reefer maintenance, line up second trips or a hired reefer"
Peliyagoda,2026,23,6,61.663589268242085,63.93940664871073,8.71460980505442,9.036239808978952,73.49199999999999,78.5618,green,a normal load: a good week for reefer maintenance
